Modell,Parameter,Trainingszeit,Vorhersagezeit,Genauigkeit,Recall,Precision,F1 Score
Logistische Regression,"{'max_iter': 5000, 'solver': 'newton-cg'}",19.60894536972046,0.0059947967529296875,0.9135150868341904,0.9135150868341904,0.913771366216615,0.9125250786718159
k-NN,"{'leaf_size': 10, 'n_neighbors': 7}",0.024389982223510742,18.996373653411865,0.9318715436111381,0.9318715436111381,0.9322050929667818,0.9319984204272482
Entscheidungsbaum,"{'max_depth': 13, 'min_samples_leaf': 7, 'min_samples_split': 5}",3.8453025817871094,0.010054826736450195,0.9365091685262443,0.9365091685262443,0.937021525716831,0.9366798536479085
Extra Trees,"{'max_depth': 13, 'n_estimators': 200}",39.9379518032074,0.8216879367828369,0.918404967497817,0.918404967497817,0.9219605336398222,0.9166099663171975
Random Forest,"{'max_depth': 13, 'n_estimators': 200}",83.52692604064941,0.8151321411132812,0.9402347918890075,0.9402347918890075,0.9404428618345235,0.9403170704170732
GradientBoostingClassifier,"{'learning_rate': 0.2, 'n_estimators': 200}",356.3528323173523,0.20194411277770996,0.9418453478218687,0.9418453478218687,0.9419933947885498,0.9419066816107355
