Modell,Parameter,Trainingszeit,Vorhersagezeit,Genauigkeit,Recall,Precision,F1 Score
SAE_Class,,831.7959673404694,3.885988235473633,0.9426021150674299,0.9426021150674299,0.9432714716590986,0.9427968681455804
SAE_Decode,,831.7959673404694,3.885988235473633,0.5863975938682449,0.5863975938682449,0.49301073988440675,0.5091845242625943
