Modell,Parameter,Trainingszeit,Vorhersagezeit,Genauigkeit,Recall,Precision,F1 Score
SparseAutoencoder_1,,325.736389875412,8.026782989501953,0.9393615989133599,0.9393615989133599,0.9404012423739382,0.9396323916852107
SparseAutoencoder_2,,357.8406481742859,9.43759536743164,0.6390802367323178,0.6390802367323178,0.4084235489818354,0.4983569929390053
SparseAutoencoder_3,,347.82660007476807,9.679244756698608,0.6390802367323178,0.6390802367323178,0.4084235489818354,0.4983569929390053
SparseAutoencoder_4,,370.6142649650574,8.628981113433838,0.942951392257689,0.942951392257689,0.9440322285790059,0.9432174319658104
SparseAutoencoder_5,,318.91928696632385,7.650659561157227,0.9446589696322887,0.9446589696322887,0.9451968124819999,0.9448226227492875
SparseAutoencoder_6,,172.92210984230042,4.1052327156066895,0.9422528378771708,0.9422528378771708,0.9422839326394217,0.9422676491423916
SparseAutoencoder_7,,365.4181761741638,7.754317998886108,0.9443679053070728,0.9443679053070728,0.9445520782491927,0.944440422883731
