Modell,Parameter,Trainingszeit,Vorhersagezeit,Genauigkeit,Recall,Precision,F1 Score
sparse_autoencoder_anomaly,,82.32528185844421,0.9083859920501709,0.08950187466523835,0.0,0.0,0.0
sparse_autoencoder_normal,,82.32528185844421,2.322828769683838,0.8390689183021451,0.8390689183021451,1.0,0.8390689183021451
contractive_autoencoder_anomaly,,349.54018235206604,2.0985755920410156,0.08216389930369578,0.0,0.0,0.0
contractive_autoencoder_normal,,349.54018235206604,5.414040565490723,0.9444698006998327,0.9444698006998327,1.0,0.9444698006998327
